{
  "project_info": {
    "project_number": "788124929145",
    "project_id": "dp6-estudos",
    "storage_bucket": "dp6-estudos.appspot.com"
  },
  "client": [
    {
      "client_info": {
        "mobilesdk_app_id": "1:788124929145:android:2bd9de32bfa1c8b83b98a8",
        "android_client_info": {
          "package_name": "com.example.testelucas"
        }
      },
      "oauth_client": [
        {
          "client_id": "110657576537488935431",
          "client_type": 3
        }
      ],
      "api_key": [
        {
          "current_key": "AIzaSyBC1KlencFcIExyC7WOOB9eSf9ziwjz048"
        }
      ],
      "services": {
        "appinvite_service": {
          "other_platform_oauth_client": [
            {
              "client_id": "110657576537488935431",
              "client_type": 3
            }
          ]
        }
      }
    }
  ],
  "configuration_version": "1"
}